layer,type,ratings,views
محمد علي حسن,جنح,10,45099
فاطمة عبد الرحمن محمد,مدني,1,76845
عبد الله حمد عبد الله,مدني,8,19680
سارة علي محمد,جنح,5,62950
حسين عبد العزيز محمد,اسره,3,36049
زينب عبد الله صالح,مدني,8,85372
يوسف علي عبد الله,اسره,3,86321
نورة محمد عبد الله,مدني,5,51796
عمر عبد الرحمن سعيد,اسره,2,70047
مريم علي جابر,اسره,9,10729
عبد العزيز محمد حسن,جنح,8,54109
لينا عبد الله علي,مدني,5,4100
محمود علي صالح,مدني,7,30891
ريم عبد الرحمن حسن,اسره,10,56183
خالد علي سعيد,مدني,2,13611
روان محمد جابر,مدني,5,84105
حسن عبد الله محمد,جنح,5,5372
ناصر علي حمد,اسره,1,3462
زينة عبد الرحمن علي,جنح,3,43906
مروة محمد حسين,جنح,7,54341
عبدالرحمن محمد عبدالله,مدني,7,72983
آية علي حسن,مدني,2,66258
رامي عبد الله جابر,جنح,5,18362
فاطمة عبد الرحمن حمد,مدني,2,59169
عبد الله محمد صالح,مدني,3,62575
نور علي عبد الله,اسره,3,36999
محمد عبد العزيز حسن,مدني,7,53650
ليلى محمد علي,مدني,4,83165
عمر علي صالح,اسره,2,27122
رويدة عبد الله حمد,مدني,7,2278
طارق علي حسن,مدني,4,62679
عبد الرحمن عبد الله علي,اسره,10,14068
عائشة محمد جابر,مدني,3,14142
ياسر عبد العزيز علي,مدني,3,43376
ملاك علي حمد,مدني,9,95140
سلمان عبد الله محمد,جنح,10,3796
نادية عبد الرحمن حسن,جنح,4,18763
عبدالله عبد الرحمن جابر,مدني,10,61794
هند محمد علي,مدني,7,7416
عمار علي محمد,مدني,7,18754
نوف عبد الله حمد,مدني,1,35623
رحمة علي عبد الله,مدني,2,19456
حسام عبد العزيز محمد,جنح,2,71129
نورهان علي حسن,جنح,5,58362
عبدالعزيز علي عبد الله,جنح,3,96340
أسماء محمد جابر,جنح,9,85117
سعد عبد الله صالح,جنح,4,48837
فرح عبد العزيز حمد,اسره,6,8060
عبد الرحمن محمد صالح,مدني,9,1969
رياض علي جابر,مدني,6,20088
هيا عبد الله علي,جنح,8,25602
مصطفى علي حسن,مدني,2,76582
نوران عبد الرحمن محمد,اسره,5,29104
عبد الله علي عبد العزيز,اسره,4,17034
زهراء محمد حمد,اسره,3,97008
علي عبد الرحمن جابر,مدني,4,97992
هيثم علي محمد,مدني,1,4316
بتول عبد الله حسن,اسره,10,35783
محمد عبد اللطيف صالح,جنح,7,49646
علياء محمد علي,جنح,5,37087
عبد الله عبد الرحمن حسن,اسره,2,82271
إيمان علي حمد,مدني,3,36986
سعود عبد العزيز محمد,مدني,3,1714
نورس علي جابر,جنح,1,63064
روز محمد صالح,اسره,6,81206
عبد الحميد علي عبد الله,اسره,4,1744
سارة عبد الرحمن جابر,جنح,5,1425
حمد علي حسن,اسره,4,26950
نجود عبد الله محمد,جنح,4,76493
عبد الله علي حمد,جنح,2,49763
شيماء عبد الرحمن محمد,اسره,4,90980
محمد عبد الرحمن علي,مدني,5,23837
سمير علي جابر,مدني,4,44560
مرام محمد صالح,جنح,10,95442
عبد الله علي صالح,جنح,7,45103
سهام عبد الله حمد,مدني,1,71242
عبدالرحمن عبد العزيز محمد,جنح,1,84353
رؤى علي حسن,مدني,4,17864
نور الدين عبد الرحمن علي,مدني,10,53515
حنان محمد جابر,مدني,2,4658
عبد الرحمن علي حمد,مدني,10,40954
مريم عبد الله علي,جنح,9,93661
رائد عبد العزيز محمد,مدني,7,13857
ملاك عبد الرحمن جابر,اسره,4,81000
عبد الله محمد حمد,اسره,1,59744
إسلام علي حسن,مدني,10,92628
ندى عبد الله علي,اسره,10,30876
عبد الله علي عبد الرحمن,مدني,9,91300
زكريا محمد صالح,اسره,9,50914
ميار علي جابر,اسره,8,82889
عبد الرحمن عبد الله صالح,مدني,9,63630
عفاف محمد حسن,اسره,9,75290
عبد الله علي جابر,مدني,10,3027
ندى عبد الرحمن حمد,جنح,5,26182
محمد عبد الله حسن,مدني,6,90155
حسناء علي حمد,مدني,9,36552
عبد الرحمن علي صالح,مدني,2,79186
فاطمة عبد العزيز محمد,مدني,3,91864
علاء عبد الله علي,مدني,9,76537
محمد علي جابر,مدني,5,70926
محمد علي حسن,اسره,4,75965
أحمد محمد محسن,اسره,10,48566
علي محمد رضا,اسره,5,82418
ياسر حسين عبد الله,مدني,2,47585
أحمد محمد عوض,اسره,2,7198
محمود عبد الله محمد,اسره,8,58923
أحمد رمضان عبد الحكيم,مدني,6,93595
محمد أحمد حسنين,اسره,10,15724
محمد عبد القادر عبد الحليم,اسره,3,50444
علي عبد الحليم عبد العزيز,اسره,2,55675
عبد الله محمد نصر,اسره,9,44851
عماد محمد سليمان,جنح,4,81675
محمد محمود علي,اسره,2,85581
أحمد محمد السيد,اسره,2,10128
محمد عبد الله نصر,اسره,5,24475
عبد الله علي جمعة,اسره,4,6061
أحمد محمود سعيد,مدني,5,51164
محمد عبد الحميد عبد الفتاح,مدني,5,91759
محمد أحمد عوض,اسره,9,37028
محمد حسن محمود,مدني,10,26989
علي محمد علي,مدني,6,21426
محمد عبد اللطيف السيد,مدني,2,41999
أحمد محمد عبد العال,مدني,3,83096
محمد عبد الرحيم عبد الله,مدني,6,4990
علي محمد نصر,اسره,10,65551
أحمد محمد عبد الرحمن,جنح,10,2831
محمد عبد الحميد حسن,مدني,3,10733
ياسر محمود رشدي,مدني,5,84280
محمد علي عبد الغني,اسره,4,38722
عبد الرحمن محمد علي,مدني,10,14680
محمد علي عبد الله,جنح,5,13754
محمد علي حسين,جنح,6,49330
علي محمد عبد الحميد,جنح,4,49211
محمد علي جمعة,اسره,7,4414
محمد عبد العزيز السيد,اسره,4,49352
عبد الرحمن محمد نصر,جنح,3,15201
محمد أحمد علي,اسره,5,69948
أحمد محمد علي,مدني,4,20715
محمد علي محمد,مدني,9,33520
عبد الرحمن محمد سعد,مدني,6,4405
محمد علي عبد الرحمن,اسره,4,47372
محمد عبد الله عوض,اسره,2,81476
حسن محمد علي,جنح,5,51931
عبد الفتاح محمد مصطفى,جنح,5,82700
محمد علي عبد الرحمن,مدني,2,25844
أحمد محمد علي,اسره,3,13495
محمد عبد العظيم عبد الله,مدني,8,84053
ياسر محمد علي,اسره,5,84511
محمد عبد العزيز محمد,مدني,9,87419
علي محمد رمضان,مدني,6,61198
محمد أحمد السيد,مدني,1,77063
أحمد محمد رمضان,مدني,10,97492
علي محمد السيد,اسره,8,5270
محمد علي عبد الله,اسره,5,33605
محمد علي أحمد,مدني,9,71346
علي محمد حسن,اسره,9,68109
محمد محمود محمد,مدني,4,92005
عبد الله محمود عبد الرحمن,اسره,9,9623
محمد علي السيد,مدني,5,73414
علي محمد عوض,مدني,9,38145
محمد عبد الباسط علي,جنح,1,13262
أحمد محمود محمد,اسره,10,69006
محمد علي حسنين,اسره,2,76060
علي محمد عليوة,اسره,8,73487
محمد عبد الحميد السيد,اسره,1,22244
عبد الرحمن محمد السيد,مدني,9,99939
محمد علي عبد الغفار,جنح,7,50356
عبد الله محمد علي,جنح,2,79481
محمد علي حسني,اسره,3,74779
علي محمد عبد العال,مدني,1,82248
محمد عبد الرحمن علي,اسره,6,87582
محمود محمد علي,جنح,6,94592
عبد الرحمن محمد عوض,مدني,9,4704
محمد عبد الرحيم عبد اللطيف,جنح,8,6876
علي محمد عبد الرحمن,جنح,6,78863
محمد علي حسنين,اسره,3,85335
أحمد محمد عبد الرحيم,اسره,6,43107
محمد عبد الله رمضان,اسره,2,91193
علي محمد عبد الحليم,مدني,1,10127
محمد محمود عبد الغني,اسره,3,67072
عبد الله محمد عبد الله,مدني,1,46150
محمد علي محمد عوض,مدني,1,42466
علي محمد عبد الفتاح,مدني,9,18821
محمد عبد الحميد رمضان,اسره,7,31926
محمد عبد الله إبراهيم,اسره,8,13360
حسام محمد علي,اسره,6,86155
محمد عبد الله سيد,اسره,3,80041
علي محمد عليوة,اسره,1,62825
محمد علي سيد محمد,اسره,5,3619
علي محمد عبد الفتاح السيد,مدني,8,44032
محمد علي السيد,جنح,4,44904
علي محمد حسيني,مدني,1,1684
محمد عبد العزيز علي,مدني,2,29819
عبد الرحمن محمد عليوة,مدني,10,78117
محمد علي عبد الحميد,اسره,10,45450
علي محمد السيد,اسره,10,79185
محمد عبد الله إبراهيم,مدني,10,74100
أحمد محمد السيد,اسره,9,56585
محمد عبد الله حسن,مدني,1,34108
علي محمد حسنين,مدني,7,32005
محمد علي رمضان,اسره,2,36868
محمد عبد الحليم محمد,اسره,5,31198
علي محمد عبد الرازق,جنح,9,28189
محمد عبد الحميد سيد,مدني,7,9687
عبد الرحمن محمد رمضان,جنح,1,92403
محمد علي محمد سعد,جنح,1,78232
عمر محمد علي,اسره,3,11798
محمد عبد الحميد حسني,جنح,7,3353
أحمد محمد السيد علي,جنح,10,58823
محمد عبد الرحيم محمد علي,مدني,7,62024
علي محمد عبد الله,جنح,4,56268
محمد عبد الرحمن رمضان,مدني,1,70206
محمد عبد العزيز السيد,مدني,1,97931
عبد الرحمن محمد عبد الرحمن,اسره,5,67708
محمد عبد الحميد علي,اسره,7,1887
علي محمد سعد,اسره,9,6000
محمد علي محمد رمضان,جنح,1,15843
عبد الله محمد عبد الحميد,اسره,8,18543
محمد عبد الرحيم مصطفى,اسره,1,18559
علي محمد عبد الغني,جنح,9,53773
أحمد محمد رمضاني,مدني,9,16371
محمد علي عبد الرحمن,اسره,6,61686
عبد الرحمن محمد محمد,اسره,8,14015
محمد علي إبراهيم,مدني,5,41901
علي محمد عليوة,مدني,7,78164
محمد عبد الحميد رمضاني,جنح,3,69438
محمد محمود السيد,اسره,5,37816
علي محمد محمد علي,جنح,3,17690
محمد علي عبد العزيز,اسره,7,63353
عبد الرحمن محمد عبد العزيز,جنح,8,4799
محمد علي المتولي,جنح,10,2915
علي محمد عبد الجواد,جنح,6,64399
محمد عبد الحميد عبد الرحمن,اسره,4,2919
محمد عبد الرحيم السيد,اسره,1,34022
أحمد محمد عبد الله,مدني,2,18711
محمد علي محمد إبراهيم,اسره,2,60993
علي محمد عبد الرحيم,مدني,2,52281
محمد علي عبد الرحيم سعيد,مدني,7,6529
عبد الرحمن محمد إبراهيم,مدني,5,64961
محمد عبد العزيز رمضان,اسره,8,32373
علي محمد رمضان,اسره,8,50203
محمد علي عبد الرحمن السيد,مدني,3,28524
محمد عبد الحميد عبد العال,مدني,10,17555
علي محمد علي حسين,جنح,2,13069
محمد عبد اللطيف عبد الله,اسره,4,66532
محمد عبد الرحمن إبراهيم,اسره,10,63148
أحمد محمد عبد الرحمن,جنح,3,12770
محمد عبد الرحيم عبد الرحمن,اسره,2,48073
علي محمد عبد الرحمن السيد,مدني,8,62047
محمد عبد العزيز حسني,مدني,1,95077
عبد الرحمن محمد السيد علي,اسره,8,34780
محمد علي عبد الغني,مدني,1,74695
علي محمد السيد رمضان,جنح,8,57337
محمد علي محمد السيد,جنح,8,96174
عبد الرحمن محمد السيد محمد,مدني,4,90272
محمد علي محمد عليوة,مدني,10,62811
أحمد محمد عبد الحميد,اسره,3,4912
محمد عبد الرحيم عبد الغني,جنح,5,34548
علي محمد عبد الرحمن رمضان,اسره,9,77105
محمد عبد الفتاح السيد,اسره,3,58753
علي محمد عبد الله عليوة,مدني,4,11643
محمد عبد الرحمن السيد علي,مدني,10,45765
علي محمد عبد الرحمن علي,اسره,7,29258
محمد عبد العزيز عبد الرحيم,مدني,9,56688
عبد الرحمن محمد علي عوض,جنح,8,73099
محمد علي عبد العظيم,اسره,2,37940
علي محمد علي عوض,اسره,4,88941
محمد عبد الحميد عليوة,جنح,10,96716
عبد الرحمن محمد حسن,اسره,5,15818
محمد علي إسماعيل,اسره,4,56862
علي محمد عبد الحميد سيد,اسره,5,21756
محمد عبد الرحمن محمد إبراهيم,اسره,1,6862
عبد الرحمن محمد عبد الله,مدني,1,73064
محمد عبد الغفار محمد,مدني,9,97871
علي محمد عبد الواحد,اسره,1,4006
محمد عبد الحميد عبد الله عبد الرحمن,اسره,8,87421
عبد الرحمن محمد عوض,اسره,6,28183
محمد علي عبد الرحمن عوض,اسره,7,36962
علي محمد السيد إبراهيم,مدني,3,68787
محمد عبد العظيم عبد الرازق,مدني,5,57735
عبد الرحمن محمد عبد الفتاح,جنح,10,11471
محمد علي عبد العزيز سعد,اسره,8,25604
علي محمد عبد الحميد رمضان,اسره,6,17272
محمد عبد الحميد السيد علي,مدني,10,62958
عبد الرحمن محمد مصطفى,جنح,5,98568
محمد علي محمد عبد الرحمن,اسره,9,24468
علي محمد عبد العال,اسره,1,87879
محمد عبد الحميد إسماعيل,مدني,6,82890
عبد الرحمن محمد عبد العظيم,اسره,4,39521
علي محمد حسن,اسره,3,44223
محمد علي عبد الرازق,اسره,2,98979
أحمد علي محمد,اسره,10,98687
محمد عبد الحميد إبراهيم,مدني,10,46154
عبد الرحمن محمد عبد الرحمن,مدني,1,44187
محمد علي رمضان,اسره,4,7538
علي محمد عبد الحليم,اسره,4,57441
محمد عبد الله إبراهيم,مدني,9,16980
عبد الرحمن محمد رمضان,اسره,2,45832
محمد علي عبد الحميد,مدني,4,70436
علي محمد السيد,جنح,7,45286
محمد عبد الله حسن,اسره,7,7503
أحمد محمد السيد,جنح,4,40165
محمد علي عبد الرحمان,مدني,8,38746
عبد الرحمن محمد عبد الرحميم,اسره,4,76820
محمد علي محمد سعد,جنح,7,34988
عمر محمد علي,جنح,6,30617
محمد عبد الحميد حسني,مدني,3,16952
علي محمد سعد,مدني,6,6408
محمد عبد الرحيم محمد علي,اسره,3,59350
علي محمد عبد الله,اسره,8,16818
محمد عبد الرحمن رمضاني,اسره,7,96489
محمد عبد العزيز السيد,مدني,3,61640
عبد الرحمن محمد عبد الرحيم,جنح,4,48693
محمد عبد الحميد علي,مدني,2,27257
علي محمد حسينين,مدني,2,3289
محمد علي إبراهيم,اسره,1,53000
عبد الرحمن محمد محمود,جنح,5,42482
محمد عبد الحميد سيد,اسره,6,98782
علي محمد عبد الرحيم,اسره,4,65447
أحمد محمد السيد علي,اسره,4,64729
محمد عبد العزيز حسني,مدني,3,14704
عبد الرحمن محمد عبد الحميد,اسره,4,23820
محمد علي عبد العزيز,اسره,1,24643
علي محمد عبد الراضي,مدني,6,47491
محمد عبد الحميد عليوة,مدني,5,35378
عبد الرحمن محمد محمد,جنح,10,34136
محمد علي محمد رمضان,اسره,5,50688
علي محمد عبد الرحمن السيد,مدني,6,71066
محمد عبد الرحيم محمد إسماعيل,اسره,5,43104
عبد الله محمد عبد الحميد,اسره,8,43554
محمد علي عبد العظيم,اسره,4,60935
علي محمد عبد الجواد,اسره,5,44121
محمد عبد الحميد عبد الرحيم,مدني,10,88689
أحمد محمد عبد الله,اسره,4,53534
محمد عبد الرحيم عبد العزيز,اسره,4,5628
علي محمد عبد العظيم,مدني,4,41165
محمد علي محمد السيد,اسره,2,6829
عبد الرحمن محمد عبد الله عبد الرحمن,جنح,7,21312
محمد عبد اللطيف عبد الله,مدني,7,59401
علي محمد عبد الفتاح السيد,جنح,7,79432
محمد عبد الرحمن إبراهيم,اسره,10,63489
أحمد محمد عبد الحكيم,جنح,3,49948
محمد علي عبد النور,اسره,3,94611
علي محمد عبد الرحمن الجمل,جنح,4,43659
محمد عبد الرحميم عبد الرحمان,اسره,7,95062
عبد الرحمن محمد السيد,جنح,1,65796
محمد علي محمد علي,اسره,9,80969
علي محمد عليوة,مدني,1,87099
محمد عبد الحميد محمد سعيد,اسره,5,88637
عبد الرحمن محمد عبد الرحمن عبد الرحيم,مدني,3,28340
محمد علي عبد الرزاق,جنح,10,86146
علي محمد عبد العزيز,اسره,1,88195
محمد عبد الرحمن الشافعي,اسره,4,12735
عبد الرحمن محمد الحسن,اسره,8,14866
محمد علي عبد العال,اسره,10,65338
علي محمد عبد الحميد السيد,اسره,5,47365
محمد عبد الرحميم محمد حسين,مدني,10,98408
عبد الرحمن محمد عبد الرحيم السيد,مدني,3,32829
محمد علي الحسيني السيد,اسره,1,77429
علي محمد عبد الواحد,جنح,5,42458
محمد عبد الرحيم محمد محمود,جنح,6,70462
عبد الرحمن محمد علي,جنح,10,13501
محمد علي عبد الحميد الجمل,جنح,7,22841
علي محمد عبد السلام,مدني,1,47089
محمد عبد الرحيم عبد الرحمن السيد,مدني,5,75053
عبد الرحمن محمد عليوة,مدني,3,78808
محمد علي عبد الرحيم السيد,مدني,9,85748
علي محمد حسين,اسره,1,7622
محمد عبد الرحيم عبد الحميد السيد,مدني,5,85746
عبد الرحمن محمد علي عبد الرحمن السيد,مدني,4,13413
محمد علي عبد الرحيم الجمل,اسره,4,4335
علي محمد عبد الجليل,مدني,9,74235
محمد عبد الرحيم عبد الرحمن حسين,اسره,8,74017
عبد الرحمن محمد عبد الرحمان الجمل,جنح,4,82615
محمد علي عبد الرحميم الحسيني,مدني,1,35992
علي محمد عبد الحفيظ,مدني,5,55623
محمد عبد الحميد الجوهري,اسره,10,70192
عبد الرحمن محمد إبراهيم السيد,مدني,9,14856
محمد علي عبد الرحيم الجوهري,مدني,8,4519
علي محمد عبد العليم,اسره,3,63552
محمد عبد الرحميم عبد الحميد السيد,اسره,7,88778
عبد الرحمن محمد عبد الحميد الجمل,مدني,5,58882
محمد علي محمد الحسيني,اسره,3,73059
علي محمد عبد الغني,اسره,4,58895
محمد عبد الرحيم عبد الحكيم السيد,اسره,7,33059
عبد الرحمن محمد عبد الرزاق,اسره,3,15781
محمد علي عبد الرحمن الجوهري,اسره,1,61247
علي محمد عبد الوهاب,اسره,8,93915
محمد عبد الرحيم محمد عبد,مدني,10,86361
عبد الرحمن محمد عبد العزيز السيد,مدني,7,25342
محمد علي عبد الرحيم الشافعي,مدني,4,82334
علي محمد عبد الرحميم,جنح,6,13981
محمد عبد الرحميم عبد الرحمن الجوهري,جنح,1,45309
عبد الرحمن محمد عبد الحميد حامد,مدني,3,80940
محمد علي عبد الرحمن السيد أحمد,مدني,4,63180
علي محمد عبد الله السيد,اسره,8,61200
محمد عبد الرحميم محمد سعد الدين,مدني,3,36590
عبد الرحمن محمد عبد الرحميم الجمل,اسره,8,12325
محمد علي عبد الرحميم الجمل,جنح,5,19857
علي محمد عبد الرحميم عبد الرحمان,مدني,7,19950
محمد عبد الرحميم محمد عليوة,مدني,5,62347
عبد الرحمن محمد عبد الحميد الجوهري,اسره,1,49019
محمد علي محمد الشافعي,مدني,5,44790
علي محمد عبد الرحمان السيد,اسره,6,36758
محمد عبد الرحميم عبد الرحمن الجملي,جنح,4,21371
عبد الرحمن محمد عبد الرحيم الشافعي,جنح,1,59471
محمد علي عبد الرحميم حمدي,مدني,9,37875
علي محمد عبد الرحميم الجوهري,اسره,1,19595
محمد عبد الرحيم عبد الحميد الحسيني,اسره,6,79586
عبد الرحمن محمد عبد الرحيم عبد الرحمن الجملي,مدني,9,56415
محمد علي عبد الرحمن عبد الرحيم,مدني,5,1344
علي محمد عبد الرحيم الجوهري,جنح,9,74866
محمد عبد الرحيم محمد علي عبد الحميد,مدني,7,4033
عبد الرحمن محمد عبد الرحمان الحسيني,مدني,8,49458
محمد علي عبد الرحيم عبد الحميد,اسره,10,72583
علي محمد عبد الرحمان الجمل,مدني,9,96016
محمد عبد الرحمن محمد حسين,اسره,10,77360
عبد الرحمن محمد عبد الرحمن عبد الرحيم السيد,اسره,3,51407
محمد علي عبد الحميد السيد علي,اسره,1,29227
علي محمد عبد الحكيم,اسره,5,45938
محمد عبد الرحيم عبد العزيز الجمل,مدني,2,32602
عبد الرحمن محمد عبد الحميد السيد,اسره,3,27798
محمد علي عبد الرحميم الحسيني,جنح,3,17227
علي محمد السيد عبد الحليم,مدني,4,59820
محمد عبد الرحيم السيد,اسره,1,61720
عبد الرحمن محمد عبد الرزاق السيد,اسره,1,37896
محمد علي عبد الرحميم الحسني,اسره,2,18218
علي محمد عبد العزيز الحسني,اسره,5,89191
محمد عبد الرحيم الشيخ السيد,مدني,9,96199
عبد الرحمن محمد عبد الرحمان الحسني,اسره,6,84449
محمد علي عبد الرحميم البحيري,مدني,5,51247
علي محمد عبد الرحميم الحملاوي,جنح,9,44342
محمد عبد الرحيم الشيخ عبد الله,اسره,8,74638
عبد الرحمن محمد عبد الرحميم الفقيه,جنح,6,57732
محمد علي عبد الرحميم الشربيني,مدني,9,78154
علي محمد عبد العظيم السيد,جنح,3,96576
محمد عبد الرحيم الحسيني الشربيني,مدني,1,74671
عبد الرحمن محمد عبد الرحيم السيد أحمد,مدني,8,25929
محمد علي عبد الرحمن السيد عبد العظيم,جنح,6,21059
علي محمد عبد الرحميم الجملي الشربيني,اسره,3,69826
محمد عبد الرحيم السيد عبد الحميد,جنح,6,42254
عبد الرحمن محمد عبد العزيز الحسني,اسره,6,96681
محمد علي عبد الرحيم السيد عليوة,مدني,10,92996
علي محمد عبد الرحميم الجملي الحسني,اسره,6,34380
محمد عبد الرحيم الشيخ محمد,اسره,8,47164
عبد الرحمن محمد عبد الرحميم الحسيني الجمل,اسره,5,13604
محمد علي عبد الرحميم الجملي الحسيني,جنح,4,23170
علي محمد عبد العزيز السيد علي,جنح,9,54415
محمد عبد الرحيم عبد الحميد الحسني,مدني,8,42312
عبد الرحمن محمد عبد العليم السيد,اسره,7,8183
محمد علي عبد الرحمن الجملي الشربيني,مدني,4,28070
علي محمد عبد الرحميم السيد عليوة,جنح,9,11342
محمد عبد الرحيم السيد عبد الرحمن الجملي,جنح,3,94010
عبد الرحمن محمد عبد الرحيم السيد عبد الحكيم,اسره,7,15067
محمد علي عبد الرحميم الجوهري الشربيني,اسره,7,97283
علي محمد عبد الرحيم الحميدي,مدني,4,97737
محمد عبد الرحيم الجملي الشافعي,اسره,10,76528
عبد الرحمن محمد عبد الرحمان الجملي السيد,اسره,6,47918
محمد علي عبد الرحميم السيد أحمد,مدني,10,92840
علي محمد عبد الرحمان الحسيني,مدني,4,53030
محمد عبد الرحيم الحميدي الشربيني,جنح,9,61984
عبد الرحمن محمد عبد الرحيم الحملاوي,اسره,6,82625
محمد علي عبد الرحيم الجوهري الحسني,مدني,1,29261
علي محمد عبد الرحيم الشيخ,اسره,1,64314
محمد عبد الرحيم الجملي الحميدي,اسره,5,79179
عمر علي حسن,مدني,7,73752
نور علي محمد,اسره,7,91161
محمد عمر سعيد,جنح,7,94187
إيمان علي حسن,مدني,1,98853
سارة محمد علي,مدني,9,86777
فاطمة علي سعد,جنح,2,43732
زينب علي حسين,اسره,4,80149
لينا محمد علي,اسره,9,17316
ريم عمر حسن,اسره,7,71180
جمال محمد علي,مدني,1,35800
عباس علي حسن,اسره,7,62865
سلمى علي محمد,جنح,5,60021
محمود علي محمد,اسره,7,57556
مريم عمر سعد,اسره,1,30435
سهيل علي حسين,جنح,10,27718
رضوان محمد علي,مدني,3,31621
علياء علي سعيد,مدني,5,67405
أحمد علي حسن,مدني,5,60434
صابرين علي محمد,مدني,10,56136
يوسف عمر سعيد,اسره,7,82628
زكريا علي حسين,مدني,1,75767
ندى علي محمد,مدني,7,23468
رحاب محمد علي,مدني,5,66080
جواد علي حسن,مدني,9,2215
عائشة علي سعد,اسره,4,81522
محمد علي عبد الله,اسره,1,51166
غدير علي حسين,اسره,8,85694
شاديا محمد علي,جنح,9,57585
عبد الله علي حسن,مدني,2,79365
سمية علي محمد,اسره,2,62214
محمد عباس علي,اسره,7,79834
فراس علي حسين,اسره,4,57744
إيلاف محمد علي,جنح,4,68077
طارق علي سعيد,اسره,4,96512
علياء عباس علي,مدني,4,28914
سامر علي حسن,اسره,6,31589
أميرة محمد علي,جنح,8,15015
عبد الرحمن علي سعيد,اسره,1,80526
مصطفى علي حسين,مدني,5,23067
نسرين علي محمد,مدني,7,54327
محمد علي حسيني,جنح,2,1859
هند علي سعد,مدني,4,13082
زياد علي محمد,مدني,1,23849
وسيم علي حسن,مدني,10,47017
نوران علي سعيد,جنح,10,50839
عادل علي حسين,جنح,10,13515
سعد علي محمد,اسره,5,58361
علياء علي حسن,اسره,2,93761
ذكرى محمد علي,اسره,1,72457
عبد العزيز علي سعيد,اسره,4,96264
نادية علي محمد,اسره,1,75540
علي علي عبد الله,اسره,9,74593
روان علي سعيد,اسره,1,72886
محمد علي السيد,اسره,6,6919
سارة علي حسن,اسره,1,78166
حسن علي محمد,اسره,1,72028
أمير علي حسين,اسره,8,13069
علياء محمد علي,اسره,8,81614
مراد علي سعيد,اسره,5,4325
سيما علي محمد,اسره,1,79112
محمد علي سليمان,اسره,4,63439
سمير علي حسن,اسره,10,19457
فاديا محمد علي,اسره,6,8396
عبد الرحمن علي حسين,اسره,5,68105
رامي علي محمد,اسره,5,97165
رنا علي سعد,اسره,10,93724
نزار علي حسن,اسره,3,83776
لجين علي محمد,اسره,3,82715
محمد علي المصري,اسره,8,12786
خالد علي حسين,اسره,5,11792
زهراء علي سعد,اسره,1,9405
علياء علي سعيد,اسره,10,83052
أحمد علي حسن,اسره,6,68047
رويدا محمد علي,اسره,10,29404
محمد علي العراقي,اسره,3,8992
فاطمة علي محمود,اسره,5,61777
عزيز علي سعيد,اسره,5,56770
رياض علي حسن,اسره,5,85733
شيرين علي محمد,اسره,1,31321
عبد الله علي عبد الله,اسره,5,39274
نورهان علي حسن,اسره,7,81073
سيف علي محمد,اسره,10,17263
روان علي حسن,اسره,2,32103
سليمان علي سعيد,اسره,9,18097
هادي علي حسين,اسره,9,93841
حنان علي محمد,اسره,6,49158
محمد علي السعودي,اسره,5,70295
عبد الجبار علي حسن,اسره,2,30364
فرح علي سعيد,اسره,4,62478
علياء علي علي,اسره,10,54428
محمد علي اليمني,جنح,6,51040
حسين علي محمد,اسره,3,21699
رزان علي حسن,اسره,8,6582
فارس علي سعيد,اسره,4,33528
نادر علي حسن,اسره,1,62368
علياء علي مصطفى,اسره,8,66517
بشار علي حسين,اسره,4,76774
مريم علي علي,اسره,7,11263
أحمد علي محمود,اسره,9,51167
محمد علي الليبي,اسره,8,42196
عمر علي حسيب,اسره,5,89996
نور علي عبد الله,اسره,3,30973
محمد عمر محمد,اسره,2,89523
إيمان علي عبد الرحمن,اسره,5,75390
سارة محمد عمر,اسره,9,74633
فاطمة علي عبد العزيز,اسره,1,31458
زينب علي حمد,اسره,1,69364
لينا محمد عبد الله,اسره,1,14415
ريم عمر عمر,اسره,9,2629
جمال محمد عمر,اسره,5,65229
عباس علي حمد,اسره,2,44760
سلمى علي محمود,اسره,2,72605
محمود علي عمر,اسره,3,66063
مريم عمر عبد الله,اسره,6,86990
سهيل علي حمد,اسره,4,15157
رضوان محمد علي,اسره,8,70942
علياء علي محمد,اسره,10,16883
أحمد علي حسني,اسره,4,52578
صابرين علي عمر,اسره,10,13332
يوسف عمر محمد,اسره,9,4064
زكريا علي حسين,اسره,5,90057
ندى علي عبد الله,اسره,5,61401
رحاب محمد علي,اسره,4,68959
جواد علي محمود,اسره,3,16216
عائشة علي حسين,اسره,5,94021
محمد علي علي,اسره,6,76130
غدير علي حسن,اسره,6,34037
شاديا محمد عمر,اسره,2,66158
عبد الله علي محمد,اسره,8,24312
سمية علي حمد,اسره,1,58330
محمد عباس علي,اسره,1,91230
فراس علي حمد,اسره,2,98478
إيلاف محمد عمر,اسره,2,66304
طارق علي عبد الله,جنح,6,46788
علياء عباس علي,اسره,6,17673
سامر علي حسن,اسره,7,74866
أميرة محمد عمر,اسره,6,14281
عبد الرحمن علي حمد,اسره,7,3128
مصطفى علي حسين,اسره,8,66509
نسرين علي محمود,اسره,1,79703
محمد علي حسنين,اسره,4,57142
هند علي حسين,اسره,8,52758
زياد علي عمر,اسره,8,75256
وسيم علي محمد,اسره,10,68209
نوران علي عبد الله,اسره,10,90111
عادل علي حمد,اسره,2,62603
سعد علي محمود,اسره,4,14967
علياء علي حسيب,اسره,2,38968
ذكرى محمد عمر,اسره,5,38775
عبد العزيز علي حمدان,اسره,10,97059
نادية علي محمود,اسره,1,34082
علي علي عمر,اسره,4,54758
روان علي عبد الله,اسره,5,29691
محمد علي سعود,اسره,10,63077
سارة علي حمد,اسره,9,77064
حسن علي محمود,اسره,5,46658
أمير علي عبد الرحمن,اسره,5,92422
علياء محمد عمر,اسره,1,70888
مراد علي عبد الله,اسره,8,94298
سيما علي حمد,اسره,9,22922
محمد علي عبد الحميد,اسره,5,63202
سمير علي حمد,اسره,9,79547
فاديا محمد علي,اسره,5,56527
عبد الرحمن علي حسني,اسره,1,72784
رامي علي محمد,اسره,9,29407
رنا علي حسين,اسره,2,77260
نزار علي حمد,اسره,1,98203
لجين علي عبد الله,اسره,7,96461
محمد علي الجزائري,اسره,7,6544
خالد علي حمد,اسره,8,21065
71.رياض علي محمد,اسره,8,11752
فاطمة علي حسن,اسره,10,90562
عبد اللطيف علي عمر,اسره,3,67987
رشا علي محمود,اسره,2,71385
علياء علي عبد الحميد,اسره,8,72101
ياسر علي حمد,اسره,4,48274
سليمان علي محمد,اسره,9,32796
زينة علي عبد الله,اسره,4,94141
محمد علي المصري,اسره,1,25957
ديمة علي حسني,اسره,3,99172
عبد الله علي حمد,اسره,7,32585
نورهان علي محمد,اسره,2,59756
علياء علي عبد العزيز,اسره,3,44727
محمد علي الليبي,اسره,5,4529
صلاح علي عمر,اسره,2,20275
ربى علي حمد,اسره,7,23790
عبد الله علي محمود,اسره,8,9772
شيرين علي حسين,اسره,2,82050
يحيى علي عبد الله,اسره,2,76969
فاطمة علي محمود,اسره,2,98403
علياء علي حمدان,اسره,9,15829
محمد علي السوري,اسره,10,78093
سندس علي عمر,اسره,3,49959
أحمد علي عبد الله,اسره,8,69854
نورس علي حمد,اسره,2,79205
مريم علي حسين,اسره,7,51869
عبد الله علي عبد الله,اسره,10,77392
سلمان علي حمد,اسره,10,5998
ليان علي محمد,اسره,5,48041
محمد علي العراقي,اسره,3,13046
علي عبد الله علي,اسره,4,30238
فاطمة علي حسين,اسره,4,13393
يوسف علي محمد,اسره,9,86042
ريم علي عمر,اسره,1,82607
عمر عبد العزيز علي,اسره,2,83720
محمد علي محمد,اسره,3,79366
سارة علي محمد,اسره,8,25492
عباس علي حمد,اسره,6,10919
نور علي عبد الله,اسره,3,58744
لينا علي محمد,اسره,7,91260
جمال محمد علي,اسره,1,37700
زينب علي حسين,اسره,6,90196
أحمد علي عبد الرحمن,اسره,2,61381
رضوان علي محمد,اسره,7,50800
سامي علي محمد,اسره,7,81474
علياء علي عبد العزيز,اسره,5,17617
محمد علي سعيد,اسره,7,25184
نادية علي عبد الله,اسره,4,77509
عبد الرحمن علي علي,اسره,7,90966
شاديا علي حمد,اسره,2,44392
فراس علي علي,اسره,4,87114
إيمان علي حسين,اسره,9,6716
علياء عبد الرحمن علي,اسره,8,76531
زياد علي حمد,اسره,9,37845
محمد علي عبد الحميد,اسره,9,78823
رامي علي محمود,اسره,10,72881
طارق علي علي,اسره,3,44264
سيما علي محمد,اسره,7,92130
رنا علي علي,اسره,3,28842
ياسر علي علي,اسره,6,34703
سهيل علي حمد,اسره,4,82303
عائشة علي عبد الله,اسره,2,53252
محمود علي محمد,اسره,4,86029
لينا علي حمد,اسره,7,7816
نوران علي محمد,اسره,10,23126
علياء علي حسني,اسره,2,83481
مراد علي حمد,اسره,9,87407
حسن علي عبد الله,اسره,2,46512
سلمى علي حمد,اسره,1,82372
فاديا علي محمد,اسره,7,14439
عبد الله علي حمد,اسره,7,59247
رحاب علي حسين,اسره,9,34929
محمد علي علوش,اسره,5,97518
صابرين علي علي,اسره,7,41526
ندى علي محمد,اسره,5,44543
محمد علي العمري,اسره,8,16805
علياء علي محمود,اسره,9,3562
عبد الله علي علي,اسره,4,41745
روان علي حمد,اسره,9,12091
علياء علي حسين,اسره,2,28103
محمد علي السويدي,اسره,10,62140
مصطفى علي محمود,اسره,10,5680
سارة علي عبد الله,اسره,3,82601
علياء علي سعيد,اسره,2,56040
ذكرى علي محمد,اسره,2,31423
عبد الرحمن علي حسين,اسره,7,88030
رشا علي علي,اسره,8,29864
يحيى علي محمد,اسره,6,33318
فاطمة علي عمر,اسره,8,93831
محمد علي العربي,اسره,9,57358
سلمان علي عبد الله,اسره,10,2913
شيرين علي حمد,اسره,3,28826
عبد الله علي محمد,اسره,4,8316
لجين علي حمد,اسره,2,60541
محمد علي الجزائري,اسره,4,53760
سندس علي محمد,اسره,1,78876
خالد علي محمد,اسره,2,81281
علياء علي عبد الحميد,اسره,10,64309
مريم علي محمود,اسره,5,32853
ريان علي حمد,اسره,9,24414
محمد علي الخطيب,اسره,3,47962
عبد الله علي عمر,اسره,7,96642
هدى علي حمد,اسره,6,44357
حسين علي علي,اسره,10,74866
رامز علي حمد,اسره,7,78052
سعيد علي محمد,اسره,8,2653
علياء علي علي,اسره,1,76021
يونس علي حمد,اسره,6,10866
فاطمة علي عبد العزيز,اسره,2,59608
عبد الله علي سعيد,اسره,1,38874
محمد علي الكويتي,اسره,4,71270
روان علي عبد الله,اسره,5,14571
عبد العزيز علي حمد,اسره,3,65933
أميرة علي محمد,اسره,1,11602
علياء علي السويدي,اسره,7,37190
عبد الرحمن علي محمد,اسره,3,76477
جميلة علي حمد,اسره,7,16170
سمير علي علي,اسره,7,40776
محمد علي الفلسطيني,اسره,10,30276
فداء علي حمد,اسره,1,7227
علياء علي الجابري,اسره,7,84413
زينب علي محمود,اسره,2,82492
عبد الله علي عبد الرحمن,اسره,4,90257
محمد علي العتيبي,اسره,6,93347
سميحة علي حمد,اسره,10,11052
علياء علي البحريني,اسره,4,7727
يوسف علي عبد الحميد,اسره,8,61142
غادة علي حمد,اسره,2,22278
خليل علي علي,اسره,6,18292
نورهان علي محمود,اسره,2,70226
علياء علي الراجحي,اسره,2,40769
عبد الرحيم علي محمد,اسره,4,24680
محمد علي الحربي,اسره,8,30391
روابي علي حمد,اسره,8,62792
مها علي علي,اسره,2,96114
علياء علي اليمني,اسره,2,47170
فؤاد علي محمد,اسره,9,94585
نور الدين علي حمد,اسره,1,1825
محمد علي العتابي,اسره,1,81999
علياء علي العطار,اسره,2,71662
فرح علي محمد,اسره,9,82650
محمد علي العلوي,اسره,4,50914
سارة علي السيد,اسره,5,27732
عبد الله علي عبد الله,اسره,8,59188
زينة علي حمد,اسره,9,4781
حمود علي محمد,اسره,5,97472
علياء علي المالكي,اسره,5,28817
حسن علي حمد,اسره,3,82938
نادية علي حمد,اسره,3,46828
محمد علي الزهراني,اسره,8,78175
أمجد علي علي,اسره,3,40622
علياء علي الطويل,اسره,1,93390
جميل علي محمد,اسره,6,46960
عبد الله علي الحاج,اسره,5,4192
رياض علي حمد,اسره,8,32816
سارة علي العراقي,اسره,5,16544
علياء علي الغامدي,اسره,3,61235
زهير علي علي,اسره,1,53387
محمد علي السوداني,اسره,4,54465
حلا علي حمد,اسره,2,36290
علياء علي العمري,اسره,10,24584
ياسمين علي محمد,اسره,8,71538
عبد الحميد علي حمد,اسره,5,6361
رائد علي محمد,اسره,1,57710
ناصر علي علي,اسره,9,79129
علياء علي الرشيدي,اسره,7,11114
سحر علي حمد,اسره,9,43695
عبد الرحمن علي الجابري,اسره,6,51868
نور علي حمد,اسره,3,61482
محمد علي الشريف,اسره,10,76685
ريماس علي حمد,اسره,10,18103
عبد الرحمن علي الصمادي,اسره,3,71065
فاديا علي حمدان,اسره,5,43093
سلمان علي الشمراني,اسره,4,71828
سماح علي الشريف,اسره,8,38350
عمر علي حسين,اسره,4,3132
نجوى علي الحسيني,اسره,8,80519
مريم علي الحسيني,اسره,2,86263
عمر علي الشيخ,اسره,3,48175
يوسف علي الحمود,اسره,3,59986
سليمان علي الحمدان,اسره,5,31197
عائشة علي الجابر,اسره,6,97884
سهير علي العبدالله,اسره,3,84455
نور علي العزاوي,اسره,6,98191
عبد الله علي الدوسري,اسره,10,47422
زيد علي القحطاني,اسره,4,57989
نورة علي الحربي,اسره,3,98436
عبد الرحمن علي الحسن,اسره,2,3385
سيد علي العامري,اسره,3,2363
حنان علي العبدالله,اسره,4,42996
محمد علي السليم,اسره,7,44437
ريم علي العتيبي,اسره,1,72378
حسن علي الدوسري,اسره,10,50745
عمر علي الراجحي,اسره,2,17557
فهد علي الحمود,اسره,3,58185
أمل علي الزهراني,اسره,7,60395
عبد السلام علي الحمد,اسره,1,91736
فاطمة علي القحطاني,اسره,10,39927
عمر علي السعد,اسره,3,37850
نجوى علي العتيبي,اسره,8,72626
سعيد علي العميري,اسره,8,82794
ريم علي العمران,اسره,4,30052
زينب علي الحربي,اسره,3,90684
عبد الرحمن علي العمري,اسره,7,31006
محمد علي الصبحي,اسره,3,30985
سلمى علي الشمري,اسره,3,41059
عمر علي العويد,اسره,3,69828
فاطمة علي الجعفري,اسره,3,17966
نور علي الشمراني,اسره,8,43132
علياء علي الفريدي,اسره,1,30067
عبد الرحمن علي السيف,اسره,5,31817
عمر علي السلطان,اسره,8,76432
نورا علي الحريصي,اسره,6,15385
محمد علي السكران,اسره,5,73193
رياض علي الشيخ,اسره,3,37852
عبد الرحمن علي الحكمي,اسره,5,27932
سارة علي السندي,اسره,4,7334
عمر علي السهلي,اسره,5,16239
نور علي الحميد,اسره,3,20722
عبد الله علي الزهراني,اسره,5,61498
آية علي العلوي,اسره,5,31786
حسام علي الشمري,اسره,5,1629
عمر علي الوابل,اسره,1,78935
هاني علي العبدالله,اسره,3,18664
فاطمة علي الراجحي,اسره,5,42893
زيد علي الرشيدي,اسره,4,58254
علياء علي الحاج,اسره,4,17729
عبد الرحمن علي الغامدي,اسره,1,63614
سمير علي الشمراني,اسره,8,53737
نور علي العلياني,اسره,7,14487
عمر علي الحربي,اسره,3,55416
سارة علي العقيل,اسره,10,11731
عبد الرحمن علي الهاجري,اسره,7,65833
زينب علي الحمد,اسره,6,27828
محمد علي الحجيلي,اسره,2,12753
ريم علي الشريف,اسره,6,76558
عمر علي الزهراني,اسره,4,73920
نور علي الصالحي,اسره,8,98498
عبد الله علي الشهري,اسره,5,13178
فاطمة علي الجريسي,اسره,4,49479
علياء علي العبدالواحد,اسره,2,31170
عبد الرحمن علي العتيبي,اسره,5,33351
نور علي الزايدي,اسره,5,16544
عمر علي الصقر,اسره,5,17469
سميرة علي السعدي,اسره,1,4490
عبد الرحمن علي السهلي,اسره,8,39950
نور علي الحافظ,اسره,5,1722
سارة علي الجابري,اسره,4,81872
عمر علي المخيني,اسره,6,61447
فاطمة علي الغامدي,اسره,9,58253
عمر علي الجاسر,اسره,5,28346
نور علي الحمادي,اسره,4,95637
عبد الله علي العبدالله,اسره,10,47642
مريم علي العلي,اسره,8,76323
ريم علي الجاسر,اسره,2,72621
عمر علي الحريشي,اسره,7,13680
نور علي العنزي,اسره,5,14828
علياء علي العنيزان,اسره,9,19372
عبد الرحمن علي العليان,اسره,7,47594
فاطمة علي الحرشاني,اسره,4,79540
سعد علي العبدالله,اسره,2,61362
عمر علي الفرحان,اسره,7,73815
نور علي العمير,اسره,6,26723
عبد الله علي الشهراني,اسره,5,22167
ريم علي السهمي,اسره,5,53483
سمر علي العبدالكريم,اسره,1,85889
عمر علي الرشيدي,اسره,3,32923
نور علي الرويلي,اسره,1,98851
عبد الرحمن علي السدحان,اسره,2,93576
فاطمة علي العوضي,اسره,1,33805
محمد عبد الفتاح حسين,اسره,8,35740
احمد محمد علي,اسره,7,17221
محمد عبد الحميد عبد الحميد,اسره,7,71934
مصطفى سيد أحمد,اسره,8,2022
احمد محمد عبد الحميد,اسره,2,27845
علاء الدين احمد علي,اسره,7,80740
محمد علي عبد الحميد,اسره,4,25111
احمد محمد عبد العزيز,اسره,1,82543
محمد عبد الرحمن حميدة,اسره,4,87448
محمد علي عبد العال,اسره,7,67345
محمد جمعة عبد العزيز,اسره,8,73263
عمرو محمد عبد الحميد,اسره,10,56398
محمد عبد الفتاح محمد,اسره,3,71009
محمود عبد الله رشاد,اسره,9,38416
محمد علي محمد,اسره,2,91708
محمد عبد العزيز محمد,اسره,9,61034
عبد الحميد محمد عبد الحميد,اسره,4,87015
محمد علي علي,اسره,6,42665
محمد شحاتة محمد,اسره,9,65363
احمد علي احمد,اسره,6,15656
محمد مصطفى محمد,اسره,7,46506
محمد علاء الدين محمد,اسره,8,39740
محمد عبد الله عبد الحميد,اسره,10,86496
احمد محمد عبد الحليم,اسره,4,86985
عمرو محمد عبد الرحمن,اسره,4,90596
محمد عبد الفتاح محمود,اسره,8,46437
محمد علاء عبد الحميد,اسره,1,98672
احمد محمود عبد الحميد,اسره,2,57522
محمد محمد عبد الرحمن,اسره,8,34487
محمد عبد الحميد حسين,اسره,10,94580
محمد علي عبد الرحيم,اسره,8,83646
محمد فتحي محمد,اسره,1,97807
محمد علي السيد,اسره,5,83831
محمد علي حسين,اسره,1,83695
علاء الدين محمد علي,اسره,4,88760
محمد سيد محمد,اسره,8,68339
مصطفى احمد محمد,اسره,7,63574
محمد علي عبد الرحمن,اسره,1,6955
محمود محمد عبد الحميد,اسره,6,21488
عمرو احمد على,اسره,6,39668
محمد عبد الفتاح عبد الرحمن,اسره,6,26932
محمد عبد الحليم محمد,اسره,6,35243
احمد عبد الرحمن عبد الحميد,اسره,1,21347
محمد علي محمد علي,اسره,6,56157
محمد علي عبد الحليم,اسره,7,73914
محمد عبد الرحمن محمود,اسره,7,35147
محمد علي عبد الحي,اسره,4,56836
محمد نبيل محمد,اسره,10,42772
محمد علي حسن,اسره,9,66994
محمد علي محمد عبد العزيز,اسره,9,65255
محمد عبد الحليم حسين,اسره,3,20026
محمد سعيد محمد,اسره,6,82590
محمد علي محمد علاء,اسره,4,3738
محمد شريف محمد,اسره,1,20253
محمد علي عبد الرحمان,اسره,7,11458
محمد عبد الحميد ابراهيم,اسره,3,20337
محمود على محمد58. محمد علي عبد السلام,اسره,6,78298
محمد عبد العزيز عبد الحميد,اسره,3,22663
محمد علي عبد العزيز علي,اسره,7,94323
عمرو محمد علي عبد العزيز,اسره,2,86861
محمد عبد الحميد عبد الرحمن,اسره,1,61770
محمد علي محمد فتحي,اسره,4,4837
محمد علي محمد بدير,اسره,6,42743
محمد علي محمد السيد,اسره,7,31535
محمد عبد الحميد السيد,اسره,9,19752
محمد علي محمد محمد,اسره,10,93617
احمد محمد على حسن,اسره,1,34518
محمد علي محمد سيد,اسره,3,2837
محمد عبد الله محمد عبد الحميد,اسره,2,60480
محمد علي محمد يوسف,اسره,10,37826
محمد عبد الحميد محمد السيد,اسره,8,29276
محمد علي محمد العشماوي,اسره,5,52655
محمد علاء الدين محمد علي الشافعي,اسره,2,82678
محمد عبد الحميد محمد علي,اسره,8,33298
محمد علي عبد العظيم,اسره,5,85975
محمد عبد الرحمن محمد عبد الحميد,اسره,1,27714
محمد عبد الفتاح محمد السيد,اسره,4,60302
محمد علي محمد عبد الفتاح,اسره,1,95364
محمد عبد الحميد عبد الرحمن علي,اسره,8,62064
محمد علي عبد العزيز رشوان,اسره,7,75327
محمد علي محمد عبد الحميد عبد الرحمن,اسره,7,3319
محمد علي محمد النحاس,اسره,8,26744
محمد علي محمد الغندور,اسره,5,53870
محمد عبد الحميد عبد السلام,اسره,3,26447
محمد عبد الحميد عبد العال,اسره,8,27272
محمد عبد الحميد عبد الجواد,اسره,9,94656
محمد عبد الحميد عبد الرحيم محمد,جنح,4,57163
محمد عبد الحميد علي علي,جنح,6,65149
محمد علي محمد السيد حسنين,جنح,3,20410
محمد عبد الحميد عبد الرحمن عبد الغني,جنح,4,13411
محمد علي عبد الحميد عبد الرحمان,جنح,1,48946
محمد علي عبد الوهاب,جنح,10,45442
محمد علي محمد العربي,جنح,1,42456
عبد الرحمن محمد محمد,جنح,8,42744
عبد الله محمد عبد الحميد,جنح,4,95547
